[
  {
    "id": "26c8db39-7589-429a-8eb9-215c73dac0d7",
    "data": [
      {
        "text": "monday",
        "alias": "date",
        "meta": "@sys.date",
        "userDefined": true
      },
      {
        "text": "?",
        "userDefined": false
      }
    ],
    "isTemplate": false,
    "count": 0,
    "updated": 1542944762
  },
  {
    "id": "4e90fd10-f940-46a2-92f5-1c0b74b5b0d2",
    "data": [
      {
        "text": "4pm",
        "alias": "time",
        "meta": "@sys.time",
        "userDefined": true
      },
      {
        "text": "?",
        "userDefined": false
      }
    ],
    "isTemplate": false,
    "count": 0,
    "updated": 1542944762
  },
  {
    "id": "376a0141-0026-4f98-95d9-15466ef348b2",
    "data": [
      {
        "text": "Can i book for ",
        "userDefined": false
      },
      {
        "text": "Monday",
        "alias": "date",
        "meta": "@sys.date",
        "userDefined": true
      },
      {
        "text": " at ",
        "userDefined": false
      },
      {
        "text": "5pm",
        "alias": "time",
        "meta": "@sys.time",
        "userDefined": true
      },
      {
        "text": " instead?",
        "userDefined": false
      }
    ],
    "isTemplate": false,
    "count": 0,
    "updated": 1541952466
  },
  {
    "id": "aa9bfc40-5363-47b4-9c9f-29bc4643f38e",
    "data": [
      {
        "text": "Can i book for ",
        "userDefined": false
      },
      {
        "text": "Monday",
        "alias": "date",
        "meta": "@sys.date",
        "userDefined": false
      },
      {
        "text": " at ",
        "userDefined": false
      },
      {
        "text": "5pm",
        "alias": "time",
        "meta": "@sys.time",
        "userDefined": true
      },
      {
        "text": "?",
        "userDefined": false
      }
    ],
    "isTemplate": false,
    "count": 0,
    "updated": 1541952466
  },
  {
    "id": "6a812df4-e8e3-47e8-b551-b7c70c4956be",
    "data": [
      {
        "text": "Monday",
        "alias": "date",
        "meta": "@sys.date",
        "userDefined": true
      }
    ],
    "isTemplate": false,
    "count": 0,
    "updated": 1541952466
  },
  {
    "id": "f64004f6-d0d8-4f1b-9954-ad5882bdaef9",
    "data": [
      {
        "text": "5",
        "alias": "time",
        "meta": "@sys.time",
        "userDefined": false
      }
    ],
    "isTemplate": false,
    "count": 0,
    "updated": 1541952466
  },
  {
    "id": "17e14f85-627a-433f-96ae-9cdc68c5007d",
    "data": [
      {
        "text": "5pm",
        "alias": "time",
        "meta": "@sys.time",
        "userDefined": false
      }
    ],
    "isTemplate": false,
    "count": 0,
    "updated": 1541952466
  },
  {
    "id": "c876943c-4b34-406d-b0ec-b293ccfba582",
    "data": [
      {
        "text": "Monday",
        "alias": "date",
        "meta": "@sys.date",
        "userDefined": false
      },
      {
        "text": " ",
        "userDefined": false
      },
      {
        "text": "at 5pm",
        "alias": "time",
        "meta": "@sys.time",
        "userDefined": false
      }
    ],
    "isTemplate": false,
    "count": 0,
    "updated": 1541952466
  },
  {
    "id": "5b9b7220-035c-4185-a00f-ba33b3c66069",
    "data": [
      {
        "text": "Can I book a room ",
        "userDefined": false
      },
      {
        "text": "tomorrow",
        "alias": "date",
        "meta": "@sys.date",
        "userDefined": true
      },
      {
        "text": " at ",
        "userDefined": false
      },
      {
        "text": "6pm",
        "alias": "time",
        "meta": "@sys.time",
        "userDefined": true
      },
      {
        "text": "? My email is ",
        "userDefined": false
      },
      {
        "text": "student@tcd.ie",
        "alias": "email",
        "meta": "@sys.email",
        "userDefined": true
      },
      {
        "text": ".",
        "userDefined": false
      }
    ],
    "isTemplate": false,
    "count": 0,
    "updated": 1541952955
  },
  {
    "id": "9246134a-8e43-47ad-a823-c88194ba55fc",
    "data": [
      {
        "text": "My email is ",
        "userDefined": false
      },
      {
        "text": "name@gmail.com",
        "alias": "email",
        "meta": "@sys.email",
        "userDefined": true
      }
    ],
    "isTemplate": false,
    "count": 0,
    "updated": 1542085260
  },
  {
    "id": "c9439426-1c26-4624-a778-62cc8abd0ac5",
    "data": [
      {
        "text": "Can I book a room for ",
        "userDefined": false
      },
      {
        "text": "5pm",
        "alias": "time",
        "meta": "@sys.time",
        "userDefined": true
      },
      {
        "text": " ",
        "userDefined": false
      },
      {
        "text": "today",
        "alias": "date",
        "meta": "@sys.date",
        "userDefined": true
      },
      {
        "text": "? My email is ",
        "userDefined": false
      },
      {
        "text": "abcd1@tcd.ie",
        "alias": "email",
        "meta": "@sys.email",
        "userDefined": true
      }
    ],
    "isTemplate": false,
    "count": 0,
    "updated": 1541952955
  },
  {
    "id": "60e5c715-4d1a-4d1b-a395-d655b9450324",
    "data": [
      {
        "text": "Can I have a room ",
        "userDefined": false
      },
      {
        "text": "tomorrow",
        "alias": "date",
        "meta": "@sys.date",
        "userDefined": true
      }
    ],
    "isTemplate": false,
    "count": 0,
    "updated": 1541684174
  },
  {
    "id": "314df884-2f2b-4e90-953d-726e36961931",
    "data": [
      {
        "text": "Are there rooms available ",
        "userDefined": false
      },
      {
        "text": "today",
        "alias": "date",
        "meta": "@sys.date",
        "userDefined": true
      },
      {
        "text": "?",
        "userDefined": false
      }
    ],
    "isTemplate": false,
    "count": 0,
    "updated": 1541684174
  },
  {
    "id": "0d2d9e9e-9294-40ac-b58a-1dea7a61bac6",
    "data": [
      {
        "text": "I\u0027d like a room",
        "userDefined": false
      }
    ],
    "isTemplate": false,
    "count": 0,
    "updated": 1541684174
  },
  {
    "id": "bdeee929-02b4-43df-a4d0-d9f821e86ebd",
    "data": [
      {
        "text": "I need a room",
        "userDefined": false
      }
    ],
    "isTemplate": false,
    "count": 0,
    "updated": 1541684174
  },
  {
    "id": "293b3ef7-ecf5-45b4-be17-c98c21930738",
    "data": [
      {
        "text": "Can I make a booking ",
        "userDefined": false
      },
      {
        "text": "at 6pm",
        "alias": "time",
        "meta": "@sys.time",
        "userDefined": false
      },
      {
        "text": " ",
        "userDefined": false
      },
      {
        "text": "tomorrow",
        "alias": "date",
        "meta": "@sys.date",
        "userDefined": false
      },
      {
        "text": "?",
        "userDefined": false
      }
    ],
    "isTemplate": false,
    "count": 0,
    "updated": 1541502613
  },
  {
    "id": "05d0b712-8f55-48c2-bf82-f04c49e90c9d",
    "data": [
      {
        "text": "Can I book?",
        "userDefined": false
      }
    ],
    "isTemplate": false,
    "count": 0,
    "updated": 1541502613
  },
  {
    "id": "cdf77f9c-594c-41ec-918f-978903dd968d",
    "data": [
      {
        "text": "Can I book a room for ",
        "userDefined": false
      },
      {
        "text": "4 PM",
        "alias": "time",
        "meta": "@sys.time",
        "userDefined": false
      },
      {
        "text": " ",
        "userDefined": false
      },
      {
        "text": "tomorrow",
        "alias": "date",
        "meta": "@sys.date",
        "userDefined": false
      },
      {
        "text": "?",
        "userDefined": false
      }
    ],
    "isTemplate": false,
    "count": 0,
    "updated": 1541502613
  },
  {
    "id": "9bfcee25-4343-4638-8bf9-d8748013e16a",
    "data": [
      {
        "text": "Can I set up an appointment for ",
        "userDefined": false
      },
      {
        "text": "noon",
        "alias": "time",
        "meta": "@sys.time",
        "userDefined": false
      },
      {
        "text": " ",
        "userDefined": false
      },
      {
        "text": "on Friday",
        "alias": "date",
        "meta": "@sys.date",
        "userDefined": false
      },
      {
        "text": "?",
        "userDefined": false
      }
    ],
    "isTemplate": false,
    "count": 0,
    "updated": 1541194542
  },
  {
    "id": "86ef0688-4b0a-4514-a0f9-8699d057c9d8",
    "data": [
      {
        "text": "I need to make an appointment at ",
        "userDefined": false
      },
      {
        "text": "3 PM",
        "alias": "time",
        "meta": "@sys.time",
        "userDefined": false
      },
      {
        "text": " ",
        "userDefined": false
      },
      {
        "text": "today",
        "alias": "date",
        "meta": "@sys.date",
        "userDefined": false
      },
      {
        "text": ".",
        "userDefined": false
      }
    ],
    "isTemplate": false,
    "count": 0,
    "updated": 1541502613
  }
]