[
  {
    "id": "12028791-3ba2-4535-8159-1f53c0d28244",
    "data": [
      {
        "text": "What times are bookable",
        "userDefined": false
      }
    ],
    "isTemplate": false,
    "count": 0,
    "updated": 1542964138
  },
  {
    "id": "2475381c-798e-4626-a1ae-b3671df864af",
    "data": [
      {
        "text": "What times can book for",
        "userDefined": false
      }
    ],
    "isTemplate": false,
    "count": 0,
    "updated": 1542964138
  },
  {
    "id": "2115373e-01a0-4bb4-8d15-c46e7ea8438a",
    "data": [
      {
        "text": "What times can I book for?",
        "userDefined": false
      }
    ],
    "isTemplate": false,
    "count": 0,
    "updated": 1542964138
  },
  {
    "id": "3e4e180a-0b07-499f-bf62-517c14cc8828",
    "data": [
      {
        "text": "What days are free",
        "userDefined": false
      }
    ],
    "isTemplate": false,
    "count": 0,
    "updated": 1542360380
  },
  {
    "id": "94339858-1573-492b-83fb-2c106654deda",
    "data": [
      {
        "text": "What time suits",
        "userDefined": false
      }
    ],
    "isTemplate": false,
    "count": 0,
    "updated": 1542360380
  },
  {
    "id": "8782fb4e-b9e8-4a16-a70c-18560d7abd49",
    "data": [
      {
        "text": "What times can I book?",
        "userDefined": false
      }
    ],
    "isTemplate": false,
    "count": 0,
    "updated": 1542360380
  },
  {
    "id": "39cdca8f-6f2d-463f-ab2a-32d247dd4f56",
    "data": [
      {
        "text": "What times are available?",
        "userDefined": false
      }
    ],
    "isTemplate": false,
    "count": 0,
    "updated": 1542360380
  }
]