[
  {
    "id": "e5056e80-4abb-44f1-bb20-f8cfd7599178",
    "data": [
      {
        "text": "What age are you?",
        "userDefined": false
      }
    ],
    "isTemplate": false,
    "count": 0,
    "updated": 1542360283
  },
  {
    "id": "fe70c199-45a2-4632-9d64-b3317428ff42",
    "data": [
      {
        "text": "Who are you?",
        "userDefined": false
      }
    ],
    "isTemplate": false,
    "count": 0,
    "updated": 1542360283
  },
  {
    "id": "5d9847c7-ba90-4bca-9855-210a9d6099c0",
    "data": [
      {
        "text": "What are you called?",
        "userDefined": false
      }
    ],
    "isTemplate": false,
    "count": 0,
    "updated": 1542360283
  },
  {
    "id": "4a1c4e21-5fab-4038-9a43-f080ae31cd1d",
    "data": [
      {
        "text": "What is your name?",
        "userDefined": false
      }
    ],
    "isTemplate": false,
    "count": 0,
    "updated": 1542360283
  }
]